chr17	75518363	75518493	ATTTGCGCAAAGGTAC-1	G	32
chr17	75518486	75518493	GGCGCTAGTTTGAGGC-1	A	32
chr17	75518462	75518493	GGGTTATTCCTTGAGG-1	A	32
chr17	75518439	75518493	AATGCAACAACAACAA-1	A	32
chr17	75518476	75518493	CTCCGGACATGGCCTG-1	G	32
chr17	75518503	75518508	TTGCGAGTCAAGTGTC-1	G	72
chr17	75518503	75518533	AACGGTAAGCGCTAAT-1	A	36
chr17	75518503	75518535	AGAACCGCAATATGGA-1	A	36
chr17	75518503	75518513	TACGTACAGTAACCCG-1	A	68
chr17	75518503	75518633	CAGCATGTCGCACACA-1	A	36
chr17	75518503	75518697	TAGGCTGTCATTAGCA-1	G	36
chr17	75518488	75518494	GTAGGTGCACCATATG-1	A	32
chr17	75518317	75518494	TTTCTTGCATAATCCG-1	A	21
chr17	75518398	75518494	CGCTACTTCCCGCAAA-1	G	32
chr17	75518449	75518494	CCTAAGCCACCTGCCT-1	A	32
chr17	75518453	75518494	TTGAGCTAGGAGTCGG-1	G	14
chr17	75518486	75518494	AACCTCACATCACAGC-1	A	32
chr17	75518472	75518494	GAGCCACTCGGTACGC-1	A	32
chr17	75518396	75518494	TGTCATAAGCTCAATA-1	A	32
chr17	75518493	75518494	TCAAGGTTCAATCATG-1	A	32
chr17	75518408	75518494	AGGTCAAAGGGACGCA-1	G	32
chr17	75518394	75518494	GGCTGTCAGGTCGATT-1	G	32
chr17	75518483	75518494	TTGTCAAAGCCTCTCG-1	A	32
chr17	75518482	75518495	TAGCCTTGTTTCCTCC-1	A	32
chr17	75518441	75518495	AATACCGGTGTTTCAC-1	A	32
chr17	75518416	75518496	CTGTGTGAGGGACGCA-1	A	36
chr17	75518361	75518496	CATTCCTCACGAACAG-1	A	36
chr17	75518452	75518496	CATTGTAAGCCAAATC-1	A	36
chr17	75518406	75518496	GCTGCACAGAAACTGG-1	G	36
chr17	75518363	75518496	TTTCTCACATCTTGAG-1	A	36
chr17	75518493	75518496	TGGTTGAGTTGCTGGG-1	A	36
chr17	75518449	75518497	TTGTCCATCGCACAAT-1	G	36
chr17	75518507	75518682	CTAGTCGAGCGAAGTA-1	G	36
chr17	75518476	75518498	TGATGATGTGTCCAGG-1	A	36
chr17	75518398	75518498	GCAGGATAGGAACACA-1	A	36
chr17	75518439	75518498	AACAAGCCAGGTTACC-1	G	36
chr17	75518363	75518498	GGTAAGGGTGACCTGG-1	G	36
chr17	75518449	75518498	GTATTCAAGAGAAGGG-1	G	36
chr17	75518460	75518498	CCTAGTTGTCTTTGAC-1	A	36
chr17	75518391	75518498	GGAACCTGTTTACGTC-1	G	36
chr17	75518488	75518498	GCGATTTAGTCTCACC-1	G	36
chr17	75518404	75518498	CTTTAGGCATTAAGTC-1	A	36
chr17	75518466	75518498	CAATGTCAGGTTTGAC-1	A	36
chr17	75518478	75518498	GGGCAATAGTGGCGGA-1	A	36
chr17	75518476	75518499	CAGCATTAGACAAACG-1	A	14
chr17	75518493	75518499	AAGCCTTAGAATGACG-1	G	36
chr17	75518407	75518499	TCCTTGCAGAACCTAC-1	G	36
chr17	75518486	75518500	GAAGTGATCCTGCGAA-1	G	36
chr17	75518406	75518500	TGTGTGAGTACGGTAC-1	A	36
chr17	75518408	75518500	GTTGTGAGTGGATTGC-1	G	36
chr17	75518443	75518500	ATCCTGACAGCATGAG-1	G	36
chr17	75518320	75518500	AGGGTTGCAGGCGAGT-1	A	36
chr17	75518401	75518500	GCAATATGTACAAAGA-1	A	36
chr17	75518512	75518535	GTGCTCAAGGAGGGTT-1	A	36
chr17	75518512	75518554	GATGAGGGTAACCACA-1	A	36
chr17	75518512	75518689	CTGCTACTCAAATCGC-1	A	27
chr17	75518512	75518517	TGTCCTGGTACGTTTC-1	A	72
chr17	75518512	75518540	CTTGTTCCAGCTTAGC-1	A	36
chr17	75518512	75518651	GTTCTTAGTGTGCAAC-1	G	36
chr17	75518512	75518568	CGCAATGTCACGTTAA-1	A	36
chr17	75518512	75518583	TGGTAAACAAGTCGCT-1	A	36
chr17	75518478	75518503	CTGATCACATAACGGG-1	A	36
chr17	75518363	75518503	GGCTGTCAGGTGCTGC-1	G	36
chr17	75518361	75518503	ACTGAATGTAAAGCGG-1	G	36
chr17	75518486	75518503	GGCTGTCAGGAGCACG-1	A	36
chr17	75518311	75518503	GCCAATTAGAGGAGTC-1	A	36
chr17	75518441	75518503	ATTGCGCCACATAGCC-1	A	36
chr17	75518513	75518535	CCTGAGTCATGGCCCA-1	A	32
chr17	75518486	75518504	TTGGCTGAGCGGATTT-1	A	36
chr17	75518368	75518505	GACATAGAGTTGTCAA-1	A	36
chr17	75518436	75518508	TGTTGTGCAAGGCCAA-1	A	36
chr17	75518493	75518508	TCCTTCAAGGTCTTGG-1	A	36
chr17	75518486	75518508	GTATCGCCACCTCACC-1	A	36
chr17	75518464	75518508	GCGCGATTCTCACTAT-1	A	36
chr17	75518448	75518508	TTTGCGGAGGAAACTG-1	A	36
chr17	75518363	75518508	CCATAATCATCATGTG-1	G	36
chr17	75518498	75518508	TGATCAATCCCGCCTA-1	A	36
chr17	75518408	75518508	TATAGCTCACCCACAG-1	G	36
chr17	75518328	75518508	CTCCGTCCACCTAATG-1	G	36
chr17	75518439	75518508	CGAACCGGTAACTACG-1	G	36
chr17	75518518	75518559	ATGCGATTCTTAGCCC-1	G	36
chr17	75518330	75518510	TGCCGGTAGCAAGGAC-1	G	36
chr17	75518472	75518510	GGCAGGATCGTTCACC-1	A	36
chr17	75518453	75518510	CGTGGTTCAGGGAGGA-1	A	36
chr17	75518416	75518510	TTCAGGTAGCTGAGGG-1	G	32
chr17	75518488	75518510	CTGTTGGAGGGCCACT-1	G	36
chr17	75518343	75518513	GCCCAAATCGAAGTGA-1	A	36
chr17	75518429	75518513	TTGTCCCAGCGTGCAC-1	A	36
chr17	75518488	75518513	GGTAAACCAATTGAGA-1	A	32
chr17	75518476	75518513	TTGTCCATCGTAACGT-1	G	36
chr17	75518523	75518533	GTTTCCTCAAGGTCCT-1	A	32
chr17	75518523	75518651	GCGAAGCCATGTCAGC-1	A	36
chr17	75518524	75518533	GGCCTTAAGCTTGCTC-1	A	36
chr17	75518524	75518651	GGCTCACAGACAACGA-1	A	36
chr17	75518524	75518664	CATTGTGCAGGAAGCC-1	G	36
chr17	75518486	75518515	CAGGCTGGTGGACCTG-1	A	36
chr17	75518498	75518515	GACGTAAAGTCCTGAG-1	A	36
chr17	75518525	75518562	TTAGACTCACTTACAG-1	A	32
chr17	75518526	75518663	TGGTTGAGTTGCTGGG-1	A	32
chr17	75518526	75518711	AAGGTATAGTAGCTTA-1	A	32
chr17	75518526	75518555	GCTGCACAGAAACTGG-1	G	32
chr17	75518454	75518518	ACAGGAATCTAATTGG-1	G	36
chr17	75518478	75518518	TCTAGCGAGAGAAGGG-1	G	36
chr17	75518439	75518518	GGGCTAACAATAACGA-1	A	36
chr17	75518528	75518584	TGCAATATCAAGCCTG-1	G	32
chr17	75518412	75518519	CCTATTTAGATTGAGG-1	G	36
chr17	75518529	75518576	TCCATATTCACGCGGT-1	A	32
chr17	75518428	75518520	ACCAAACTCGAAGCGG-1	A	36
